Datetime,Water Level (m)
2026-10-06 18:00:00,0.16797987
2026-10-06 19:00:00,0.19453841
2026-10-06 20:00:00,0.19874515
2026-10-06 21:00:00,0.18930855
2026-10-06 22:00:00,0.17222628
2026-10-06 23:00:00,0.15186805
2026-10-07 00:00:00,0.13019228
2026-10-07 01:00:00,0.10813556
2026-10-07 02:00:00,0.09335312
2026-10-07 03:00:00,0.11964286
2026-10-07 04:00:00,0.16538553
2026-10-07 05:00:00,0.2145592
2026-10-07 06:00:00,0.26044267
2026-10-07 07:00:00,0.29618227
2026-10-07 08:00:00,0.30940247
2026-10-07 09:00:00,0.30303338
2026-10-07 10:00:00,0.2877084
2026-10-07 11:00:00,0.2690804
2026-10-07 12:00:00,0.24811897
2026-10-07 13:00:00,0.22566676
2026-10-07 14:00:00,0.20247348
2026-10-07 15:00:00,0.19407669
2026-10-07 16:00:00,0.23274206
2026-10-07 17:00:00,0.28055114
2026-10-07 18:00:00,0.32854414
2026-10-07 19:00:00,0.37081602
2026-10-07 20:00:00,0.39592555
2026-10-07 21:00:00,0.39587522
2026-10-07 22:00:00,0.38233665
2026-10-07 23:00:00,0.3634845
2026-10-08 00:00:00,0.34255722
2026-10-08 01:00:00,0.31918585
2026-10-08 02:00:00,0.2949273
2026-10-08 03:00:00,0.27721322
2026-10-08 04:00:00,0.30531532
2026-10-08 05:00:00,0.35690624
2026-10-08 06:00:00,0.41107064
2026-10-08 07:00:00,0.4594767
2026-10-08 08:00:00,0.49293277
2026-10-08 09:00:00,0.4978511
2026-10-08 10:00:00,0.48751435
2026-10-08 11:00:00,0.46993962
2026-10-08 12:00:00,0.44998676
2026-10-08 13:00:00,0.42718336
2026-10-08 14:00:00,0.4029711
2026-10-08 15:00:00,0.3791789
2026-10-08 16:00:00,0.3784225
2026-10-08 17:00:00,0.42381328
2026-10-08 18:00:00,0.4777738
2026-10-08 19:00:00,0.5310021
2026-10-08 20:00:00,0.57368976
2026-10-08 21:00:00,0.5905049
2026-10-08 22:00:00,0.58379734
2026-10-08 23:00:00,0.5674477
2026-10-09 00:00:00,0.5483394
2026-10-09 01:00:00,0.5267967
2026-10-09 02:00:00,0.5035582
2026-10-09 03:00:00,0.479125
2026-10-09 04:00:00,0.46521857
2026-10-09 05:00:00,0.5025413
2026-10-09 06:00:00,0.55740607
2026-10-09 07:00:00,0.6124663
2026-10-09 08:00:00,0.6581735
2026-10-09 09:00:00,0.6812136
2026-10-09 10:00:00,0.67652345
2026-10-09 11:00:00,0.66143763
2026-10-09 12:00:00,0.642471
2026-10-09 13:00:00,0.6212431
2026-10-09 14:00:00,0.5978742
2026-10-09 15:00:00,0.57308894
2026-10-09 16:00:00,0.55119294
2026-10-09 17:00:00,0.56940585
2026-10-09 18:00:00,0.6215482
2026-10-09 19:00:00,0.6799698
2026-10-09 20:00:00,0.73181593
2026-10-09 21:00:00,0.76544124
2026-10-09 22:00:00,0.770042
2026-10-09 23:00:00,0.7596128
2026-10-10 00:00:00,0.7427267
2026-10-10 01:00:00,0.72308046
2026-10-10 02:00:00,0.6999979
2026-10-10 03:00:00,0.6761792
2026-10-10 04:00:00,0.65208817
2026-10-10 05:00:00,0.64870167
2026-10-10 06:00:00,0.69399947
2026-10-10 07:00:00,0.7496325
2026-10-10 08:00:00,0.80005205
2026-10-10 09:00:00,0.8352473
2026-10-10 10:00:00,0.8381577
2026-10-10 11:00:00,0.82516843
2026-10-10 12:00:00,0.80657953
2026-10-10 13:00:00,0.78534526
2026-10-10 14:00:00,0.7610168
2026-10-10 15:00:00,0.73560476
2026-10-10 16:00:00,0.70946276
2026-10-10 17:00:00,0.69453126
2026-10-10 18:00:00,0.7300715
2026-10-10 19:00:00,0.78561854
2026-10-10 20:00:00,0.8424112
2026-10-10 21:00:00,0.88714015
2026-10-10 22:00:00,0.9070849
2026-10-10 23:00:00,0.90003794
2026-10-11 00:00:00,0.8851534
2026-10-11 01:00:00,0.86545753
2026-10-11 02:00:00,0.8434083
2026-10-11 03:00:00,0.81961066
2026-10-11 04:00:00,0.7941599
2026-10-11 05:00:00,0.7711652
2026-10-11 06:00:00,0.78527457
2026-10-11 07:00:00,0.83136207
2026-10-11 08:00:00,0.8831832
2026-10-11 09:00:00,0.9232288
2026-10-11 10:00:00,0.9396737
2026-10-11 11:00:00,0.9283182
2026-10-11 12:00:00,0.9120043
2026-10-11 13:00:00,0.89011294
2026-10-11 14:00:00,0.8655447
2026-10-11 15:00:00,0.8388529
2026-10-11 16:00:00,0.8108
2026-10-11 17:00:00,0.7841577
2026-10-11 18:00:00,0.78700644
2026-10-11 19:00:00,0.831238
2026-10-11 20:00:00,0.888645
2026-10-11 21:00:00,0.9396978
2026-10-11 22:00:00,0.9737112
2026-10-11 23:00:00,0.97456884
2026-10-12 00:00:00,0.96090674
2026-10-12 01:00:00,0.9434825
2026-10-12 02:00:00,0.92155033
2026-10-12 03:00:00,0.8981112
2026-10-12 04:00:00,0.8728746
2026-10-12 05:00:00,0.8476124
2026-10-12 06:00:00,0.8320978
2026-10-12 07:00:00,0.8626674
2026-10-12 08:00:00,0.9070263
2026-10-12 09:00:00,0.95048714
2026-10-12 10:00:00,0.97770005
2026-10-12 11:00:00,0.9738122
2026-10-12 12:00:00,0.9585982
2026-10-12 13:00:00,0.93861145
2026-10-12 14:00:00,0.91462475
2026-10-12 15:00:00,0.88798434
2026-10-12 16:00:00,0.8601957
2026-10-12 17:00:00,0.831231
2026-10-12 18:00:00,0.81353515
